accuracy,precision,recall,f1
0.7166666666666667,1.0,0.7166666666666667,0.8349514563106796
