total_samples,accuracy,precision,recall,f1
60,0.8333333333333334,1.0,0.8333333333333334,0.9090909090909091
