total_samples,accuracy,precision,recall,f1
60,0.8666666666666667,1.0,0.8666666666666667,0.9285714285714286
