total_samples,accuracy,precision,recall,f1
60,0.7666666666666667,1.0,0.7666666666666667,0.8679245283018868
